title,company_name,company_link
Junior Python Developer,GTS,Link is not available
newZinc Python Developer,Bank of America,https://www.indeed.com/cmp/Bank-of-America
Full Stack Developer,Underdog.io,Link is not available
Python Developer,Deloitte,https://www.indeed.com/cmp/Deloitte
Python Developer,Capgemini,https://www.indeed.com/cmp/Capgemini
"Backend Engineer, Developer Experience",Spotify,https://www.indeed.com/cmp/Spotify
Python/React developer,"JPMorgan Chase Bank, N.A.",https://www.indeed.com/cmp/Chase-2
Entry Level - Associate Developer (Commercial): Front End,IBM,https://www.indeed.com/cmp/IBM
Experienced AWS & Python Web Developer,stackbuilders,Link is not available
newSenior C++/Python Developer,Bank of America,https://www.indeed.com/cmp/Bank-of-America
Python (Django/Flask) Developer,Trood,Link is not available
Python Developer â€“ Systematic Infrastructure,Balyasny,https://www.indeed.com/cmp/Balyasny-Asset-Management
UI Developer,Virtu Financial,https://www.indeed.com/cmp/Virtu-Financial
newSoftware Developer,IBM,https://www.indeed.com/cmp/IBM
Junior C++ Developer - Multiple Openings,GTS,https://www.indeed.com/cmp/Gts
